[{"model": "contenttypes.contenttype", "pk": 1, "fields": {"app_label": "admin", "model": "logentry"}}, {"model": "contenttypes.contenttype", "pk": 2, "fields": {"app_label": "auth", "model": "permission"}}, {"model": "contenttypes.contenttype", "pk": 3, "fields": {"app_label": "auth", "model": "group"}}, {"model": "contenttypes.contenttype", "pk": 4, "fields": {"app_label": "contenttypes", "model": "contenttype"}}, {"model": "contenttypes.contenttype", "pk": 5, "fields": {"app_label": "sessions", "model": "session"}}, {"model": "contenttypes.contenttype", "pk": 6, "fields": {"app_label": "api", "model": "category"}}, {"model": "contenttypes.contenttype", "pk": 7, "fields": {"app_label": "api", "model": "genre"}}, {"model": "contenttypes.contenttype", "pk": 8, "fields": {"app_label": "api", "model": "title"}}, {"model": "contenttypes.contenttype", "pk": 9, "fields": {"app_label": "api", "model": "review"}}, {"model": "contenttypes.contenttype", "pk": 10, "fields": {"app_label": "api", "model": "comment"}}, {"model": "contenttypes.contenttype", "pk": 11, "fields": {"app_label": "accounts", "model": "user"}}, {"model": "sessions.session", "pk": "vsa96z088g3bs3a96bqrnzsa54m02y7h", "fields": {"session_data": "NzQzMmU0YTlmMzIwNDdmMmM4NjI0MGVlZTFmNDgzMGZhOTU3MTI4NTp7Il9hdXRoX3VzZXJfaWQiOiIxIiwiX2F1dGhfdXNlcl9iYWNrZW5kIjoiZGphbmdvLmNvbnRyaWIuYXV0aC5iYWNrZW5kcy5Nb2RlbEJhY2tlbmQiLCJfYXV0aF91c2VyX2hhc2giOiJiMWUwNTA5NWY0ZmM2NjY3NmFhOGZhNTM0MTZiYWZlZTYzZWFlZmJjIn0=", "expire_date": "2020-11-23T19:54:45.096Z"}}, {"model": "api.category", "pk": 1, "fields": {"name": "CATEG", "slug": "cat"}}, {"model": "api.genre", "pk": 1, "fields": {"name": "\u0416\u0430\u043d\u0440", "slug": "gen"}}, {"model": "api.title", "pk": 1, "fields": {"name": "\u0422\u0435\u0441\u0442", "category": 1, "year": 2000, "description": "Desc", "genre": [1]}}, {"model": "api.title", "pk": 2, "fields": {"name": "\u0414\u043e\u0440\u043e\u0433\u0430 \u0432 \u043d\u0438\u043a\u0443\u0434\u0430", "category": 1, "year": 2000, "description": "Desc", "genre": [1]}}, {"model": "api.title", "pk": 3, "fields": {"name": "", "category": 1, "year": 2000, "description": "Desc", "genre": []}}, {"model": "api.title", "pk": 4, "fields": {"name": "CINEMA", "category": 1, "year": 2000, "description": "Desc", "genre": []}}, {"model": "api.title", "pk": 5, "fields": {"name": "CINEMA RRRRR", "category": 1, "year": 2000, "description": "Desc", "genre": []}}, {"model": "api.title", "pk": 6, "fields": {"name": "CINEMA ZZZZ", "category": 1, "year": 2000, "description": "Desc", "genre": []}}, {"model": "api.title", "pk": 7, "fields": {"name": "CINEMA ZXZXZ", "category": 1, "year": 2000, "description": "Desc", "genre": []}}, {"model": "auth.permission", "pk": 1, "fields": {"name": "Can add log entry", "content_type": 1, "codename": "add_logentry"}}, {"model": "auth.permission", "pk": 2, "fields": {"name": "Can change log entry", "content_type": 1, "codename": "change_logentry"}}, {"model": "auth.permission", "pk": 3, "fields": {"name": "Can delete log entry", "content_type": 1, "codename": "delete_logentry"}}, {"model": "auth.permission", "pk": 4, "fields": {"name": "Can view log entry", "content_type": 1, "codename": "view_logentry"}}, {"model": "auth.permission", "pk": 5, "fields": {"name": "Can add permission", "content_type": 2, "codename": "add_permission"}}, {"model": "auth.permission", "pk": 6, "fields": {"name": "Can change permission", "content_type": 2, "codename": "change_permission"}}, {"model": "auth.permission", "pk": 7, "fields": {"name": "Can delete permission", "content_type": 2, "codename": "delete_permission"}}, {"model": "auth.permission", "pk": 8, "fields": {"name": "Can view permission", "content_type": 2, "codename": "view_permission"}}, {"model": "auth.permission", "pk": 9, "fields": {"name": "Can add group", "content_type": 3, "codename": "add_group"}}, {"model": "auth.permission", "pk": 10, "fields": {"name": "Can change group", "content_type": 3, "codename": "change_group"}}, {"model": "auth.permission", "pk": 11, "fields": {"name": "Can delete group", "content_type": 3, "codename": "delete_group"}}, {"model": "auth.permission", "pk": 12, "fields": {"name": "Can view group", "content_type": 3, "codename": "view_group"}}, {"model": "auth.permission", "pk": 13, "fields": {"name": "Can add content type", "content_type": 4, "codename": "add_contenttype"}}, {"model": "auth.permission", "pk": 14, "fields": {"name": "Can change content type", "content_type": 4, "codename": "change_contenttype"}}, {"model": "auth.permission", "pk": 15, "fields": {"name": "Can delete content type", "content_type": 4, "codename": "delete_contenttype"}}, {"model": "auth.permission", "pk": 16, "fields": {"name": "Can view content type", "content_type": 4, "codename": "view_contenttype"}}, {"model": "auth.permission", "pk": 17, "fields": {"name": "Can add session", "content_type": 5, "codename": "add_session"}}, {"model": "auth.permission", "pk": 18, "fields": {"name": "Can change session", "content_type": 5, "codename": "change_session"}}, {"model": "auth.permission", "pk": 19, "fields": {"name": "Can delete session", "content_type": 5, "codename": "delete_session"}}, {"model": "auth.permission", "pk": 20, "fields": {"name": "Can view session", "content_type": 5, "codename": "view_session"}}, {"model": "auth.permission", "pk": 21, "fields": {"name": "Can add categories", "content_type": 6, "codename": "add_categories"}}, {"model": "auth.permission", "pk": 22, "fields": {"name": "Can change categories", "content_type": 6, "codename": "change_categories"}}, {"model": "auth.permission", "pk": 23, "fields": {"name": "Can delete categories", "content_type": 6, "codename": "delete_categories"}}, {"model": "auth.permission", "pk": 24, "fields": {"name": "Can view categories", "content_type": 6, "codename": "view_categories"}}, {"model": "auth.permission", "pk": 25, "fields": {"name": "Can add genres", "content_type": 7, "codename": "add_genres"}}, {"model": "auth.permission", "pk": 26, "fields": {"name": "Can change genres", "content_type": 7, "codename": "change_genres"}}, {"model": "auth.permission", "pk": 27, "fields": {"name": "Can delete genres", "content_type": 7, "codename": "delete_genres"}}, {"model": "auth.permission", "pk": 28, "fields": {"name": "Can view genres", "content_type": 7, "codename": "view_genres"}}, {"model": "auth.permission", "pk": 29, "fields": {"name": "Can add titles", "content_type": 8, "codename": "add_titles"}}, {"model": "auth.permission", "pk": 30, "fields": {"name": "Can change titles", "content_type": 8, "codename": "change_titles"}}, {"model": "auth.permission", "pk": 31, "fields": {"name": "Can delete titles", "content_type": 8, "codename": "delete_titles"}}, {"model": "auth.permission", "pk": 32, "fields": {"name": "Can view titles", "content_type": 8, "codename": "view_titles"}}, {"model": "auth.permission", "pk": 33, "fields": {"name": "Can add reviews", "content_type": 9, "codename": "add_reviews"}}, {"model": "auth.permission", "pk": 34, "fields": {"name": "Can change reviews", "content_type": 9, "codename": "change_reviews"}}, {"model": "auth.permission", "pk": 35, "fields": {"name": "Can delete reviews", "content_type": 9, "codename": "delete_reviews"}}, {"model": "auth.permission", "pk": 36, "fields": {"name": "Can view reviews", "content_type": 9, "codename": "view_reviews"}}, {"model": "auth.permission", "pk": 37, "fields": {"name": "Can add comments", "content_type": 10, "codename": "add_comments"}}, {"model": "auth.permission", "pk": 38, "fields": {"name": "Can change comments", "content_type": 10, "codename": "change_comments"}}, {"model": "auth.permission", "pk": 39, "fields": {"name": "Can delete comments", "content_type": 10, "codename": "delete_comments"}}, {"model": "auth.permission", "pk": 40, "fields": {"name": "Can view comments", "content_type": 10, "codename": "view_comments"}}, {"model": "auth.permission", "pk": 41, "fields": {"name": "Can add user", "content_type": 11, "codename": "add_user"}}, {"model": "auth.permission", "pk": 42, "fields": {"name": "Can change user", "content_type": 11, "codename": "change_user"}}, {"model": "auth.permission", "pk": 43, "fields": {"name": "Can delete user", "content_type": 11, "codename": "delete_user"}}, {"model": "auth.permission", "pk": 44, "fields": {"name": "Can view user", "content_type": 11, "codename": "view_user"}}, {"model": "auth.permission", "pk": 45, "fields": {"name": "Can add category", "content_type": 6, "codename": "add_category"}}, {"model": "auth.permission", "pk": 46, "fields": {"name": "Can change category", "content_type": 6, "codename": "change_category"}}, {"model": "auth.permission", "pk": 47, "fields": {"name": "Can delete category", "content_type": 6, "codename": "delete_category"}}, {"model": "auth.permission", "pk": 48, "fields": {"name": "Can view category", "content_type": 6, "codename": "view_category"}}, {"model": "auth.permission", "pk": 49, "fields": {"name": "Can add comment", "content_type": 10, "codename": "add_comment"}}, {"model": "auth.permission", "pk": 50, "fields": {"name": "Can change comment", "content_type": 10, "codename": "change_comment"}}, {"model": "auth.permission", "pk": 51, "fields": {"name": "Can delete comment", "content_type": 10, "codename": "delete_comment"}}, {"model": "auth.permission", "pk": 52, "fields": {"name": "Can view comment", "content_type": 10, "codename": "view_comment"}}, {"model": "auth.permission", "pk": 53, "fields": {"name": "Can add genre", "content_type": 7, "codename": "add_genre"}}, {"model": "auth.permission", "pk": 54, "fields": {"name": "Can change genre", "content_type": 7, "codename": "change_genre"}}, {"model": "auth.permission", "pk": 55, "fields": {"name": "Can delete genre", "content_type": 7, "codename": "delete_genre"}}, {"model": "auth.permission", "pk": 56, "fields": {"name": "Can view genre", "content_type": 7, "codename": "view_genre"}}, {"model": "auth.permission", "pk": 57, "fields": {"name": "Can add review", "content_type": 9, "codename": "add_review"}}, {"model": "auth.permission", "pk": 58, "fields": {"name": "Can change review", "content_type": 9, "codename": "change_review"}}, {"model": "auth.permission", "pk": 59, "fields": {"name": "Can delete review", "content_type": 9, "codename": "delete_review"}}, {"model": "auth.permission", "pk": 60, "fields": {"name": "Can view review", "content_type": 9, "codename": "view_review"}}, {"model": "auth.permission", "pk": 61, "fields": {"name": "Can add title", "content_type": 8, "codename": "add_title"}}, {"model": "auth.permission", "pk": 62, "fields": {"name": "Can change title", "content_type": 8, "codename": "change_title"}}, {"model": "auth.permission", "pk": 63, "fields": {"name": "Can delete title", "content_type": 8, "codename": "delete_title"}}, {"model": "auth.permission", "pk": 64, "fields": {"name": "Can view title", "content_type": 8, "codename": "view_title"}}, {"model": "accounts.user", "pk": 1, "fields": {"password": "pbkdf2_sha256$180000$UUubj9ogljGV$Idcq5LJmF1Ox256kOCKQToUXAZIqM4kR1jkjTmw0Fos=", "last_login": "2020-11-09T19:54:45.091Z", "is_superuser": true, "first_name": "", "last_name": "", "is_staff": true, "is_active": true, "date_joined": "2020-11-09T19:44:19.910Z", "email": "matakov@gmail.com", "username": null, "bio": "", "role": "admin", "groups": [], "user_permissions": []}}, {"model": "accounts.user", "pk": 2, "fields": {"password": "pbkdf2_sha256$180000$IUmwUAmwJalX$R3FKlXk4okQneCQ2zyh/Dk9j9Iah+zx9rxzueS4fBjk=", "last_login": null, "is_superuser": false, "first_name": "", "last_name": "", "is_staff": false, "is_active": true, "date_joined": "2020-11-09T19:46:15.287Z", "email": "denis@matakov.com", "username": null, "bio": "", "role": "user", "groups": [], "user_permissions": []}}, {"model": "api.comment", "pk": 1, "fields": {"title_id": 1, "review_id": 1, "text": "Comment1", "author": 1, "pub_date": "2020-11-09T22:47:54.878Z"}}, {"model": "api.comment", "pk": 2, "fields": {"title_id": 1, "review_id": 1, "text": "Comment1", "author": 1, "pub_date": "2020-11-09T22:49:06.577Z"}}, {"model": "api.comment", "pk": 3, "fields": {"title_id": 1, "review_id": 1, "text": "Comment1", "author": 1, "pub_date": "2020-11-10T08:37:22.457Z"}}, {"model": "api.review", "pk": 1, "fields": {"title_id": 1, "text": "test for CINEMA ZZZ", "score": 92, "pub_date": "2020-11-09T21:51:00.188Z", "author": 1}}, {"model": "api.review", "pk": 2, "fields": {"title_id": 1, "text": "Review 2", "score": 5, "pub_date": "2020-11-09T21:52:37.224Z", "author": 1}}, {"model": "api.review", "pk": 3, "fields": {"title_id": 1, "text": "Review 2", "score": 5, "pub_date": "2020-11-09T21:53:22.589Z", "author": 1}}, {"model": "api.review", "pk": 4, "fields": {"title_id": 1, "text": "Review 2", "score": 11, "pub_date": "2020-11-09T22:02:13.858Z", "author": 1}}, {"model": "api.review", "pk": 5, "fields": {"title_id": 1, "text": "Review 2", "score": 11, "pub_date": "2020-11-09T22:02:58.537Z", "author": 1}}, {"model": "api.review", "pk": 6, "fields": {"title_id": 1, "text": "Review 2", "score": 11, "pub_date": "2020-11-09T22:04:10.260Z", "author": 1}}, {"model": "api.review", "pk": 7, "fields": {"title_id": 1, "text": "Review 2", "score": 11, "pub_date": "2020-11-09T22:16:23.569Z", "author": 1}}, {"model": "api.review", "pk": 8, "fields": {"title_id": 1, "text": "Review 2", "score": 11, "pub_date": "2020-11-09T22:17:41.773Z", "author": 1}}, {"model": "api.review", "pk": 9, "fields": {"title_id": 1, "text": "Review 2", "score": 11, "pub_date": "2020-11-09T22:22:19.478Z", "author": 1}}, {"model": "api.review", "pk": 10, "fields": {"title_id": 1, "text": "Review 2", "score": 113, "pub_date": "2020-11-09T22:22:25.129Z", "author": 1}}, {"model": "api.review", "pk": 11, "fields": {"title_id": 1, "text": "Review 2", "score": 113, "pub_date": "2020-11-09T22:27:25.775Z", "author": 1}}, {"model": "api.review", "pk": 12, "fields": {"title_id": 1, "text": "Review 2", "score": 113, "pub_date": "2020-11-09T22:34:51.895Z", "author": 1}}, {"model": "api.review", "pk": 13, "fields": {"title_id": 1, "text": "Comment1", "score": 113, "pub_date": "2020-11-10T08:37:44.548Z", "author": 1}}, {"model": "api.review", "pk": 14, "fields": {"title_id": 1, "text": "Review", "score": 113, "pub_date": "2020-11-10T08:38:07.410Z", "author": 1}}, {"model": "api.review", "pk": 15, "fields": {"title_id": 1, "text": "Review", "score": 5, "pub_date": "2020-11-10T09:57:39.351Z", "author": 1}}, {"model": "api.review", "pk": 16, "fields": {"title_id": 1, "text": "Review", "score": 5, "pub_date": "2020-11-10T09:59:00.280Z", "author": 1}}, {"model": "api.review", "pk": 17, "fields": {"title_id": 1, "text": "Review", "score": 5, "pub_date": "2020-11-10T09:59:52.352Z", "author": 1}}, {"model": "api.review", "pk": 18, "fields": {"title_id": 1, "text": "Review", "score": 5, "pub_date": "2020-11-10T10:00:11.652Z", "author": 1}}, {"model": "api.review", "pk": 19, "fields": {"title_id": 1, "text": "Review", "score": 5, "pub_date": "2020-11-10T10:00:43.320Z", "author": 1}}, {"model": "api.review", "pk": 20, "fields": {"title_id": 1, "text": "Review", "score": 5, "pub_date": "2020-11-10T10:01:28.109Z", "author": 1}}, {"model": "api.review", "pk": 21, "fields": {"title_id": 1, "text": "Review", "score": 5, "pub_date": "2020-11-10T10:02:01.735Z", "author": 1}}, {"model": "api.review", "pk": 22, "fields": {"title_id": 1, "text": "Review", "score": 5, "pub_date": "2020-11-10T10:02:57.119Z", "author": 1}}, {"model": "api.review", "pk": 23, "fields": {"title_id": 1, "text": "Review", "score": 5, "pub_date": "2020-11-10T10:04:44.798Z", "author": 1}}, {"model": "api.review", "pk": 24, "fields": {"title_id": 1, "text": "Review", "score": 5, "pub_date": "2020-11-10T10:04:57.355Z", "author": 1}}, {"model": "api.review", "pk": 25, "fields": {"title_id": 1, "text": "Review", "score": 5, "pub_date": "2020-11-10T10:05:10.584Z", "author": 1}}, {"model": "api.review", "pk": 26, "fields": {"title_id": 1, "text": "Review", "score": 5, "pub_date": "2020-11-10T10:05:27.142Z", "author": 1}}, {"model": "api.review", "pk": 27, "fields": {"title_id": 1, "text": "Review", "score": 5, "pub_date": "2020-11-10T10:05:46.725Z", "author": 1}}, {"model": "api.review", "pk": 28, "fields": {"title_id": 1, "text": "Review", "score": 5, "pub_date": "2020-11-10T10:05:54.410Z", "author": 1}}, {"model": "api.review", "pk": 29, "fields": {"title_id": 1, "text": "Review", "score": 5, "pub_date": "2020-11-10T10:09:13.847Z", "author": 1}}, {"model": "api.review", "pk": 30, "fields": {"title_id": 1, "text": "Review", "score": 5, "pub_date": "2020-11-10T10:09:49.556Z", "author": 1}}, {"model": "api.review", "pk": 31, "fields": {"title_id": 1, "text": "Review", "score": 5, "pub_date": "2020-11-10T10:10:19.009Z", "author": 1}}, {"model": "api.review", "pk": 32, "fields": {"title_id": 1, "text": "Review", "score": 5, "pub_date": "2020-11-10T10:11:09.832Z", "author": 1}}, {"model": "api.review", "pk": 33, "fields": {"title_id": 1, "text": "Review", "score": 5, "pub_date": "2020-11-10T10:11:39.540Z", "author": 1}}, {"model": "api.review", "pk": 34, "fields": {"title_id": 1, "text": "Review", "score": 5, "pub_date": "2020-11-10T10:11:55.069Z", "author": 1}}, {"model": "api.review", "pk": 35, "fields": {"title_id": 1, "text": "Review", "score": 5, "pub_date": "2020-11-10T10:12:20.535Z", "author": 1}}, {"model": "api.review", "pk": 36, "fields": {"title_id": 1, "text": "Review", "score": 5, "pub_date": "2020-11-10T10:13:24.941Z", "author": 1}}, {"model": "api.review", "pk": 37, "fields": {"title_id": 1, "text": "Review", "score": 5, "pub_date": "2020-11-10T10:13:35.972Z", "author": 1}}, {"model": "api.review", "pk": 38, "fields": {"title_id": 1, "text": "Review", "score": 5, "pub_date": "2020-11-10T10:13:41.973Z", "author": 1}}, {"model": "api.review", "pk": 39, "fields": {"title_id": 1, "text": "Review", "score": 5, "pub_date": "2020-11-10T10:14:08.137Z", "author": 1}}, {"model": "api.review", "pk": 40, "fields": {"title_id": 1, "text": "Review", "score": 5, "pub_date": "2020-11-10T10:15:17.198Z", "author": 1}}, {"model": "api.review", "pk": 41, "fields": {"title_id": 1, "text": "Review", "score": 5, "pub_date": "2020-11-10T10:15:40.186Z", "author": 1}}, {"model": "api.review", "pk": 42, "fields": {"title_id": 1, "text": "Review", "score": 5, "pub_date": "2020-11-10T10:16:05.422Z", "author": 1}}, {"model": "api.review", "pk": 43, "fields": {"title_id": 1, "text": "Review", "score": 5, "pub_date": "2020-11-10T10:16:17.390Z", "author": 1}}, {"model": "api.review", "pk": 44, "fields": {"title_id": 1, "text": "Review", "score": 5, "pub_date": "2020-11-10T10:16:39.876Z", "author": 1}}, {"model": "api.review", "pk": 45, "fields": {"title_id": 1, "text": "Review", "score": 5, "pub_date": "2020-11-10T10:16:53.354Z", "author": 1}}, {"model": "api.review", "pk": 46, "fields": {"title_id": 1, "text": "Review", "score": 5, "pub_date": "2020-11-10T10:17:46.113Z", "author": 1}}, {"model": "api.review", "pk": 47, "fields": {"title_id": 1, "text": "Review", "score": 5, "pub_date": "2020-11-10T10:18:01.047Z", "author": 1}}, {"model": "api.review", "pk": 48, "fields": {"title_id": 1, "text": "Review", "score": 5, "pub_date": "2020-11-10T10:18:47.687Z", "author": 1}}, {"model": "api.review", "pk": 49, "fields": {"title_id": 1, "text": "Review", "score": 5, "pub_date": "2020-11-10T10:19:08.722Z", "author": 1}}, {"model": "api.review", "pk": 50, "fields": {"title_id": 1, "text": "Review", "score": 5, "pub_date": "2020-11-10T10:19:20.164Z", "author": 1}}, {"model": "api.review", "pk": 51, "fields": {"title_id": 1, "text": "Review", "score": 5, "pub_date": "2020-11-10T10:19:27.644Z", "author": 1}}, {"model": "api.review", "pk": 52, "fields": {"title_id": 1, "text": "Review", "score": 5, "pub_date": "2020-11-10T10:19:29.135Z", "author": 1}}, {"model": "api.review", "pk": 53, "fields": {"title_id": 1, "text": "Review", "score": 5, "pub_date": "2020-11-10T10:20:32.260Z", "author": 1}}, {"model": "api.review", "pk": 54, "fields": {"title_id": 1, "text": "Review", "score": 5, "pub_date": "2020-11-10T10:20:46.341Z", "author": 1}}, {"model": "api.review", "pk": 55, "fields": {"title_id": 1, "text": "Review", "score": 5, "pub_date": "2020-11-10T10:21:21.802Z", "author": 1}}, {"model": "api.review", "pk": 56, "fields": {"title_id": 1, "text": "Review", "score": 5, "pub_date": "2020-11-10T10:21:45.312Z", "author": 1}}, {"model": "api.review", "pk": 57, "fields": {"title_id": 1, "text": "Review", "score": 5, "pub_date": "2020-11-10T10:22:04.422Z", "author": 1}}, {"model": "api.review", "pk": 58, "fields": {"title_id": 1, "text": "Review", "score": 5, "pub_date": "2020-11-10T10:22:28.342Z", "author": 1}}, {"model": "api.review", "pk": 59, "fields": {"title_id": 1, "text": "Review", "score": 5, "pub_date": "2020-11-10T10:26:55.872Z", "author": 1}}, {"model": "api.review", "pk": 60, "fields": {"title_id": 1, "text": "Review", "score": 5, "pub_date": "2020-11-10T10:28:10.233Z", "author": 1}}, {"model": "api.review", "pk": 61, "fields": {"title_id": 1, "text": "Review", "score": 5, "pub_date": "2020-11-10T10:28:21.164Z", "author": 1}}, {"model": "api.review", "pk": 62, "fields": {"title_id": 1, "text": "Review", "score": 5, "pub_date": "2020-11-10T10:29:22.975Z", "author": 1}}, {"model": "api.review", "pk": 63, "fields": {"title_id": 1, "text": "Review", "score": 5, "pub_date": "2020-11-10T10:29:39.230Z", "author": 1}}, {"model": "api.review", "pk": 64, "fields": {"title_id": 1, "text": "Review", "score": 5, "pub_date": "2020-11-10T10:30:30.327Z", "author": 1}}, {"model": "api.review", "pk": 65, "fields": {"title_id": 1, "text": "Review", "score": 5, "pub_date": "2020-11-10T10:30:35.056Z", "author": 1}}, {"model": "api.review", "pk": 66, "fields": {"title_id": 1, "text": "Review", "score": 5, "pub_date": "2020-11-10T10:31:12.979Z", "author": 1}}, {"model": "api.review", "pk": 67, "fields": {"title_id": 1, "text": "Review", "score": 5, "pub_date": "2020-11-10T10:31:30.418Z", "author": 1}}, {"model": "api.review", "pk": 68, "fields": {"title_id": 1, "text": "Review", "score": 5, "pub_date": "2020-11-10T10:31:41.344Z", "author": 1}}, {"model": "api.review", "pk": 69, "fields": {"title_id": 1, "text": "Review", "score": 5, "pub_date": "2020-11-10T10:32:03.091Z", "author": 1}}, {"model": "api.review", "pk": 70, "fields": {"title_id": 1, "text": "Review", "score": 5, "pub_date": "2020-11-10T10:32:31.995Z", "author": 1}}, {"model": "api.review", "pk": 71, "fields": {"title_id": 1, "text": "Review", "score": 5, "pub_date": "2020-11-10T10:32:35.775Z", "author": 1}}, {"model": "api.review", "pk": 72, "fields": {"title_id": 1, "text": "Review", "score": 5, "pub_date": "2020-11-10T10:32:53.127Z", "author": 1}}, {"model": "api.review", "pk": 73, "fields": {"title_id": 1, "text": "test for CINEMA ZZZ", "score": 5, "pub_date": "2020-11-10T10:33:23.976Z", "author": 1}}, {"model": "api.review", "pk": 74, "fields": {"title_id": 4, "text": "test for CINEMA", "score": 5, "pub_date": "2020-11-10T11:24:45.137Z", "author": 1}}, {"model": "api.review", "pk": 75, "fields": {"title_id": 4, "text": "test for CINEMA 2", "score": 5, "pub_date": "2020-11-10T11:37:59.735Z", "author": 1}}, {"model": "api.review", "pk": 76, "fields": {"title_id": 4, "text": "test for CINEMA 2", "score": 5, "pub_date": "2020-11-10T11:39:55.900Z", "author": 1}}, {"model": "api.review", "pk": 77, "fields": {"title_id": 4, "text": "test for CINEMA 2", "score": 5, "pub_date": "2020-11-10T11:41:54.357Z", "author": 1}}, {"model": "api.review", "pk": 78, "fields": {"title_id": 3, "text": "test for CINEMA 2", "score": 5, "pub_date": "2020-11-10T11:42:07.838Z", "author": 1}}, {"model": "api.review", "pk": 79, "fields": {"title_id": 3, "text": "test for CINEMA 2", "score": 5, "pub_date": "2020-11-10T11:42:52.945Z", "author": 1}}, {"model": "api.review", "pk": 80, "fields": {"title_id": 2, "text": "test for CINEMA 2", "score": 5, "pub_date": "2020-11-10T11:43:26.420Z", "author": 1}}, {"model": "api.review", "pk": 81, "fields": {"title_id": 3, "text": "test for CINEMA 2", "score": 5, "pub_date": "2020-11-10T11:44:16.338Z", "author": 1}}, {"model": "api.review", "pk": 82, "fields": {"title_id": 4, "text": "test for CINEMA 2", "score": 5, "pub_date": "2020-11-10T11:44:21.919Z", "author": 1}}, {"model": "api.review", "pk": 83, "fields": {"title_id": 4, "text": "test for CINEMA 2", "score": 5, "pub_date": "2020-11-10T11:50:37.579Z", "author": 1}}, {"model": "api.review", "pk": 84, "fields": {"title_id": 4, "text": "test for CINEMA 2", "score": 5, "pub_date": "2020-11-10T11:50:50.012Z", "author": 1}}, {"model": "api.review", "pk": 85, "fields": {"title_id": 4, "text": "test for CINEMA 2", "score": 5, "pub_date": "2020-11-10T11:58:20.570Z", "author": 1}}, {"model": "api.review", "pk": 86, "fields": {"title_id": 4, "text": "test for CINEMA 2", "score": 5, "pub_date": "2020-11-10T11:58:53.831Z", "author": 1}}, {"model": "api.review", "pk": 87, "fields": {"title_id": 4, "text": "test for CINEMA 2", "score": 5, "pub_date": "2020-11-10T11:59:04.482Z", "author": 1}}, {"model": "api.review", "pk": 88, "fields": {"title_id": 4, "text": "test for CINEMA 2", "score": 5, "pub_date": "2020-11-10T11:59:12.790Z", "author": 1}}, {"model": "api.review", "pk": 89, "fields": {"title_id": 4, "text": "test for CINEMA 2", "score": 5, "pub_date": "2020-11-10T12:00:09.827Z", "author": 1}}, {"model": "api.review", "pk": 90, "fields": {"title_id": 4, "text": "test for CINEMA 2", "score": 5, "pub_date": "2020-11-10T12:00:56.121Z", "author": 1}}, {"model": "api.review", "pk": 91, "fields": {"title_id": 4, "text": "test for CINEMA 2", "score": 5, "pub_date": "2020-11-10T12:01:27.088Z", "author": 1}}, {"model": "api.review", "pk": 92, "fields": {"title_id": 5, "text": "test for CINEMA RRRRR", "score": 5, "pub_date": "2020-11-10T12:02:37.530Z", "author": 1}}, {"model": "api.review", "pk": 93, "fields": {"title_id": 6, "text": "test for CINEMA ZZZ", "score": 5, "pub_date": "2020-11-10T12:05:33.458Z", "author": 1}}, {"model": "api.review", "pk": 94, "fields": {"title_id": 6, "text": "test for CINEMA ZZZ", "score": 5, "pub_date": "2020-11-10T12:12:21.860Z", "author": 1}}, {"model": "api.review", "pk": 95, "fields": {"title_id": 6, "text": "test for CINEMA ZZZ", "score": 5, "pub_date": "2020-11-10T12:12:22.642Z", "author": 1}}, {"model": "api.review", "pk": 96, "fields": {"title_id": 6, "text": "test for CINEMA ZZZ", "score": 5, "pub_date": "2020-11-10T12:13:11.854Z", "author": 1}}, {"model": "api.review", "pk": 97, "fields": {"title_id": 6, "text": "test for CINEMA ZZZ", "score": 5, "pub_date": "2020-11-10T12:13:13.892Z", "author": 1}}, {"model": "api.review", "pk": 98, "fields": {"title_id": 6, "text": "test for CINEMA ZZZ", "score": 5, "pub_date": "2020-11-10T12:13:14.630Z", "author": 1}}, {"model": "api.review", "pk": 99, "fields": {"title_id": 6, "text": "test for CINEMA ZZZ", "score": 5, "pub_date": "2020-11-10T12:14:05.800Z", "author": 1}}, {"model": "api.review", "pk": 100, "fields": {"title_id": 6, "text": "test for CINEMA ZZZ", "score": 5, "pub_date": "2020-11-10T12:14:14.187Z", "author": 1}}, {"model": "api.review", "pk": 101, "fields": {"title_id": 6, "text": "test for CINEMA ZZZ", "score": 5, "pub_date": "2020-11-10T12:27:13.305Z", "author": 1}}, {"model": "api.review", "pk": 102, "fields": {"title_id": 6, "text": "test for CINEMA ZZZ", "score": 5, "pub_date": "2020-11-10T12:27:14.998Z", "author": 1}}, {"model": "api.review", "pk": 103, "fields": {"title_id": 6, "text": "test for CINEMA ZZZ", "score": 5, "pub_date": "2020-11-10T12:27:17.472Z", "author": 1}}, {"model": "api.review", "pk": 104, "fields": {"title_id": 6, "text": "test for CINEMA ZZZ", "score": 5, "pub_date": "2020-11-10T12:27:35.659Z", "author": 1}}, {"model": "api.review", "pk": 105, "fields": {"title_id": 6, "text": "test for CINEMA ZZZ", "score": 5, "pub_date": "2020-11-10T12:30:12.251Z", "author": 1}}, {"model": "api.review", "pk": 106, "fields": {"title_id": 6, "text": "test for CINEMA ZZZ", "score": 5, "pub_date": "2020-11-10T12:30:13.612Z", "author": 1}}, {"model": "api.review", "pk": 107, "fields": {"title_id": 6, "text": "test for CINEMA ZZZ", "score": 5, "pub_date": "2020-11-10T12:35:38.334Z", "author": 1}}, {"model": "api.review", "pk": 108, "fields": {"title_id": 6, "text": "test for CINEMA ZZZ", "score": 5, "pub_date": "2020-11-10T12:35:42.497Z", "author": 1}}, {"model": "api.review", "pk": 109, "fields": {"title_id": 6, "text": "test for CINEMA ZZZ", "score": 5, "pub_date": "2020-11-10T12:36:31.762Z", "author": 1}}, {"model": "api.review", "pk": 110, "fields": {"title_id": 6, "text": "test for CINEMA ZZZ", "score": 5, "pub_date": "2020-11-10T12:37:13.397Z", "author": 1}}, {"model": "api.review", "pk": 111, "fields": {"title_id": 6, "text": "test for CINEMA ZZZ", "score": 5, "pub_date": "2020-11-10T12:37:32.721Z", "author": 1}}, {"model": "api.review", "pk": 112, "fields": {"title_id": 6, "text": "test for CINEMA ZZZ", "score": 5, "pub_date": "2020-11-10T12:37:37.784Z", "author": 1}}, {"model": "api.review", "pk": 113, "fields": {"title_id": 6, "text": "test for CINEMA ZZZ", "score": 5, "pub_date": "2020-11-10T12:38:53.165Z", "author": 1}}, {"model": "api.review", "pk": 114, "fields": {"title_id": 6, "text": "test for CINEMA ZZZ", "score": 5, "pub_date": "2020-11-10T12:39:09.652Z", "author": 1}}, {"model": "api.review", "pk": 115, "fields": {"title_id": 6, "text": "test for CINEMA ZZZ", "score": 5, "pub_date": "2020-11-10T12:39:19.614Z", "author": 1}}, {"model": "api.review", "pk": 116, "fields": {"title_id": 6, "text": "test for CINEMA ZZZ", "score": 5, "pub_date": "2020-11-10T12:39:32.047Z", "author": 1}}, {"model": "api.review", "pk": 117, "fields": {"title_id": 6, "text": "test for CINEMA ZZZ", "score": 5, "pub_date": "2020-11-10T12:40:07.821Z", "author": 1}}, {"model": "api.review", "pk": 118, "fields": {"title_id": 6, "text": "test for CINEMA ZZZ", "score": 5, "pub_date": "2020-11-10T12:56:23.778Z", "author": 1}}, {"model": "api.review", "pk": 119, "fields": {"title_id": 7, "text": "test for CINEMA ZZZ", "score": 9, "pub_date": "2020-11-10T13:00:32.803Z", "author": 1}}]